{
"http://www.w3.org/2005/xpath-functions":{"QName":[2],"abs":[1],"accumulator-after":[1],"accumulator-before":[1],"adjust-date-to-timezone":[1,2],"adjust-dateTime-to-timezone":[1,2],"adjust-time-to-timezone":[1,2],"analyze-string":[2,3],"apply":[2],"available-environment-variables":[0],"avg":[1],"base-uri":[0,1],"boolean":[1],"ceiling":[1],"codepoint-equal":[2],"codepoints-to-string":[1],"collation-key":[1,2],"collection":[0,1],"compare":[2,3],"concat":[3],"contains":[2,3],"contains-token":[2,3],"copy-of":[0,1],"count":[1],"current":[0],"current-date":[0],"current-dateTime":[0],"current-group":[0],"current-grouping-key":[0],"current-merge-group":[0],"current-merge-key":[0],"current-time":[0],"data":[0,1],"dateTime":[2],"day-from-date":[1],"day-from-dateTime":[1],"days-from-duration":[1],"deep-equal":[2,3],"default-collation":[0],"default-language":[0],"distinct-values":[1,2],"doc":[1],"doc-available":[1],"document":[1,2],"document-uri":[0,1],"element-available":[1],"element-with-id":[1,2],"empty":[1],"encode-for-uri":[1],"ends-with":[2,3],"environment-variable":[1],"error":[0,1,2,3],"escape-html-uri":[1],"exactly-one":[1],"exists":[1],"false":[0],"filter":[2],"floor":[1],"fold-left":[3],"fold-right":[3],"for-each":[2],"for-each-pair":[3],"format-date":[2,5],"format-dateTime":[2,5],"format-integer":[2,3],"format-number":[2,3],"format-time":[2,5],"function-arity":[1],"function-available":[1,2],"function-lookup":[2],"function-name":[1],"generate-id":[0,1],"has-children":[0,1],"head":[1],"hours-from-dateTime":[1],"hours-from-duration":[1],"hours-from-time":[1],"id":[1,2],"idref":[1,2],"implicit-timezone":[0],"in-scope-prefixes":[1],"index-of":[2,3],"innermost":[1],"insert-before":[3],"iri-to-uri":[1],"json-doc":[1,2],"json-to-xml":[1,2],"key":[2,3],"lang":[1,2],"last":[0],"load-xquery-module":[1,2],"local-name":[0,1],"local-name-from-QName":[1],"lower-case":[1],"matches":[2,3],"max":[1,2],"min":[1,2],"minutes-from-dateTime":[1],"minutes-from-duration":[1],"minutes-from-time":[1],"month-from-date":[1],"month-from-dateTime":[1],"months-from-duration":[1],"name":[0,1],"namespace-uri":[0,1],"namespace-uri-for-prefix":[2],"namespace-uri-from-QName":[1],"nilled":[1],"node-name":[0,1],"normalize-space":[0,1],"normalize-unicode":[1,2],"not":[1],"number":[0,1],"one-or-more":[1],"outermost":[1],"parse-ietf-date":[1],"parse-json":[1,2],"parse-xml":[1],"parse-xml-fragment":[1],"path":[0,1],"position":[0],"prefix-from-QName":[1],"put":[2],"random-number-generator":[0,1],"regex-group":[1],"remove":[2],"replace":[3,4],"resolve-QName":[2],"resolve-uri":[1,2],"reverse":[1],"root":[0,1],"round":[1,2],"round-half-to-even":[1,2],"seconds-from-dateTime":[1],"seconds-from-duration":[1],"seconds-from-time":[1],"serialize":[1,2],"serialize-json":[1,2],"snapshot":[0,1],"sort":[1,2],"starts-with":[2,3],"static-base-uri":[0],"string":[0,1],"string-join":[1,2],"string-length":[0,1],"string-to-codepoints":[1],"subsequence":[2,3],"substring":[2,3],"substring-after":[2,3],"substring-before":[2,3],"sum":[1,2],"system-property":[1],"tail":[1],"timezone-from-date":[1],"timezone-from-dateTime":[1],"timezone-from-time":[1],"tokenize":[1,2,3],"trace":[1,2],"transform":[1],"translate":[3],"true":[0],"type-available":[1],"unordered":[1],"unparsed-entity-public-id":[1],"unparsed-entity-uri":[1],"unparsed-text":[1,2],"unparsed-text-available":[1,2],"unparsed-text-lines":[1,2],"upper-case":[1],"uri-collection":[0,1],"xml-to-json":[1,2],"year-from-date":[1],"year-from-dateTime":[1],"years-from-duration":[1],"zero-or-one":[1]},
"http://www.w3.org/2005/xpath-functions/array":{"append":[2],"filter":[2],"flatten":[1],"fold-left":[3],"fold-right":[3],"for-each":[2],"for-each-pair":[3],"get":[2],"head":[1],"insert-before":[3],"join":[1],"remove":[2],"reverse":[1],"size":[1],"sort":[1,2],"subarray":[2,3],"tail":[1]},
"http://www.w3.org/2005/xpath-functions/map":{"contains":[2],"entry":[2],"for-each":[2],"get":[2],"keys":[1],"merge":[1],"put":[3],"remove":[2],"size":[1]},
"http://www.w3.org/2005/xpath-functions/math":{"acos":[1],"asin":[1],"atan":[1],"atan2":[2],"cos":[1],"exp":[1],"exp10":[1],"log":[1],"log10":[1],"pi":[0],"pow":[2],"sin":[1],"sqrt":[1],"tan":[1]},
"http://www.w3.org/2001/XMLSchema":{"numeric":[1],"string":[1],"boolean":[1],"duration":[1],"dateTime":[1],"date":[1],"time":[1],"gYearMonth":[1],"gMonth":[1],"gMonthDay":[1],"gYear":[1],"gDay":[1],"hexBinary":[1],"base64Binary":[1],"anyUri":[1],"QName":[1],"untypedAtomic":[1],"decimal":[1],"float":[1],"double":[1],"integer":[1],"nonPositiveInteger":[1],"negativeInteger":[1],"long":[1],"int":[1],"short":[1],"byte":[1],"nonNegativeInteger":[1],"positiveInteger":[1],"unsignedLong":[1],"unsignedInt":[1],"unsignedShort":[1],"unsignedByte":[1],"yearMonthDuration":[1],"dayTimeDuration":[1],"dateTimeStamp":[1],"normalizedString":[1],"token":[1],"language":[1],"name":[1],"NMTOKEN":[1],"NCname":[1],"ID":[1],"IDREF":[1],"ENTITY":[1]}
}